OfferId,Outlet Name,Address line 1,Address line 2,Town/city,County,Postcode,Phone  ,Website,Description,Disabled access,ClaimCode,BookingInstructions
1,Aberdeenshire Farming Museum,Aden Country Park,Mintlaw, Peterhead,"Aberdeenshire,", AB42 5FQ,01771 624 590,,,YES,,
2,Aldershot Military Museum,Queens Avenue,,Aldershot,Hampshire,GU11 2LG,01252 314598,www.hants.gov.uk/museum/aldershot,"Come and explore the history of the 'home of the British army' and the civilian history of Aldershot, farnborough and Cove, (5-16yrs) £1.00, 1 Free child Admission with 1 Full Paying Adult, Adult Entry: £2.00, Daily, 10am-5pm. Closed Christmas Day, Boxing",YES,,
3,Almond Valley Heritage Centre,Millfield,, Livingston Villlage, West Lothian, EH54 7AR,01506 414 957,,,YES,,
4,Amazon World,Watery Lane,,Sandown,Isle of Wight,PO36 0LX,01983 867122,www.amazonworld.co.uk,Not to be used in conjuction with any other offers,YES,,
5,Arbuthnot Museum,St. Peter Street,,Peterhead,,AB42 1QD,01779 477778,,,YES,,
6,Athelhampton House & Gardens,Athelhampton,,Dorchester,Dorset,DT2 7LG,01305 848363,www.athelhampton.co.uk,"An outstanding 15th century manor house containing fine furniture and surrounded by extensive architectural gardens with pavilions, fountains, topiary, plant collections and the River Piddle. 1 Free Admission with 1 Full Paying Adult,  Adult Entry: £8.00,",YES,,
7,Atwell-Wilson Motor Museum,Stockley Lane,,Calne,Wiltshire,SN11 0NF,01249 813119,www.atwellwilson.org.uk,"Around 100 vintage and classic cars, motor bikes and commercial vehicles. Superb views of the Wiltshire Downs, with children's play and picnic area. £1.00, Concessions £2.50, 1 Free Admission with 1 Full Paying Adult, Adult Entry: £3.00, Sun-Thu, 11am-4pm",YES,,
8,Auchingarrich Wildlife Centre,Comrie,,Perthshire,, PH6 2JS,01764 679 469,,,YES,,
9,Bekonscot Model Village,Warwick Road,,Beaconsfield,Buckinghamshire,HP9 2PL,01494 672919,www.bekonscot.com,"This unique piece of our heritage is just waiting to be explored by children and adult alike.  An unforgettable experience for everyone, £3.8, 1 Free Child Admission with 1 Full Paying Adult, Adult Entry: £5.90, excludes 11th Feb-29th Oct.  Please Call Fo",YES,,
10,Belleek Pottery Visitors Centre,3 Main Street,,Belleek,Co Fermanagh,BT93 3FY, (028) 6865 9300,,,YES,,
11,Bibury Trout Farm,Bibury,,Cirencester,Gloucestershire,GL7 5NL,01285 740215 or 740212,www.biburytroutfarm.co.uk,"Working Trout Farm in beautiful Cotswold village. Feed the fish, lovely gift shop, refreshments, beginners fishery, plants, stoneware etc. (5-16yrs) £2.00, 1 admission with 1 full paying adult, Adult Entry: £3.00, Open Mar - Oct daily Mon to Sat from 9am-",YES,,
12,Birdworld,Holt Pound,,Farnham,Surrey,GU10 4LD,01420 22140,www.birdworld.co.uk,"March 26th – Oct 27th Park fully open 10am - 6.00pm. (Last admission 5.00pm), Oct 28th – March 25th Park fully open from 10am - 4.30pm. (Last admission 3.30pm), Closed Christmas day and Boxing day.",YES,,
13,Blackbrook Zoological Park,Blackbrook,Nr Leek,Staffordshire,Staffordshire,ST13 7QR, 01538 308293/387159,www.blackbrookzoologicalpark.co.uk,"N/A Bank Holidays, Adults £8.95 Concessions £6.50 Child (4-16) £5.00, adult £6.99 Children £5.99 oap £5.99 family (2 + 2) £24",YES,,
14,Bodenham Arboretum & Earth Centre,Wolverley,,Kidderminster,Worcestershire,DY11 5SY,01562 852444,,"Meander through the beauty, peace and tranquillity of Bodenham...... £2.00, 1 Free Child Admission with 1 full paying customer, Adult Entry: £5.00, Daily, 11am-5pm.",YES,,
15,Breadalbane Folklore Centre,Killin,,Perthshire,,FK21 8XE,01567 820 254,www.breadalbanefolklorecentre.com,"Where the river splashes over The Falls of Dochart, it tumbles past a beautiful old waterside mill, home to The Breadalbane Folklore Centre.  Spend a while in this enchanting spot - and you'll find out what makes Scotland's 'High Country' so special.  Trace the story of Scotland's clans, and admire their treasures.  Listen to the story of St. Fillan, see his famous healing stones and discover some of the mythical tales and legneds of The Scottish Highlands.  Souvenir, Gift and Book Shop.  Open daily - Easter to October (closed on Tuesdays).  Admission: Adults £2.95, Seniors and Studens £2.50, Children £1.95, Family Ticket £7.85.  Kids go free with full paying adult",YES,,
16,Breamore House & Countryside Museum,Breamore,,Fordingbridge,Hampshire,SP6 2DF,01725 512468,www.breamorehouse.com,"Elizabethan manor built in 1583. A family home with excellent collections of pictures, furniture and needlework. Visitors are taken back to when a village was self sufficient with life sized 'shops'. £5.00, 1 Free Admission with 1 Full Paying Adult, Adult",YES,,
17,Brechin Castle Centre,Haughmuir,, Brechin, Angus, DD9 6RL,01356 626 813,,,YES,,
18,British Cycling Museum,The Old Station,,Camelford,Cornwall,PL32 9TZ,01840 212811,www.motormuseums.com,"The nation's largest and foremost museum of cycling history. Over 400 cycles and thousands of items of cycling memorabilia from 1818 to date. Extensive library of books.  The first cycle oil lamp and window displays of gas, candle, battery and oil lightin",YES,,
19,British Lawnmower Museum,106-114 Shakespeare Street,,Southport,Merseyside,PR8 5AJ,01704 501336,www.lawnmowerworld.com,"Multi award-winning British Lawnmower Museum houses a collection of over 200 restored machines and memorabilia dating from 1799. A tribute to the garden machine industry over the last 200 years. £.050, 1 Free Admission with 1 Full Paying Adult, Jan-Dec, M",YES,,
20,Brookside Minature Railway,Brookside Garden Centre,Macclesfield Road (A523),Poynton,Cheshire,SK12 1BY,01625 872919,www.brookside-miniature-railway.co.uk,"An extensive miniature railway carrying passengers through the grounds of a large garden centre many other attractions including pottery restaurant and model shop, £1.50, 2 Rides for the Price of 1, Adult Entry: £1.50, Every weekend plus Weds, Apr-Jun and",YES,,
